test_accuracy_0,test_accuracy_1,test_accuracy_2,test_precision_0,test_precision_1,test_precision_2,test_recall_0,test_recall_1,test_recall_2,test_F1_0,test_F1_1,test_F1_2,test_precision_macro,test_recall_macro,test_F1_micro,test_F1_macro,test_F1_sum,test_accuracy,saved_epoch,saved_best_matix
0.9048991354466859,0.9221052631578948,0.8250319284802043,0.7494033412887828,0.6952380952380952,0.9648991784914115,0.9048991354466859,0.9221052631578948,0.8250319284802043,0.8198433420365535,0.7927601809954751,0.8895008605851981,0.8031802050060964,0.8840121090282617,0.8559463986599665,0.8340347945390755,1.689981193199042,0.8559463986599665,1,eval_loss
0.8789625360230547,0.8589473684210527,0.9201787994891443,0.7963446475195822,0.85,0.9449180327868852,0.8789625360230547,0.8589473684210527,0.9201787994891443,0.8356164383561643,0.8544502617801049,0.9323843416370107,0.8637542267688225,0.8860295679777505,0.9020100502512562,0.87415034725776,1.7761603975090163,0.9020100502512562,16,eval_F1_micro
0.8789625360230547,0.8589473684210527,0.9201787994891443,0.7963446475195822,0.85,0.9449180327868852,0.8789625360230547,0.8589473684210527,0.9201787994891443,0.8356164383561643,0.8544502617801049,0.9323843416370107,0.8637542267688225,0.8860295679777505,0.9020100502512562,0.87415034725776,1.7761603975090163,0.9020100502512562,16,eval_F1_macro
0.8789625360230547,0.8589473684210527,0.9201787994891443,0.7963446475195822,0.85,0.9449180327868852,0.8789625360230547,0.8589473684210527,0.9201787994891443,0.8356164383561643,0.8544502617801049,0.9323843416370107,0.8637542267688225,0.8860295679777505,0.9020100502512562,0.87415034725776,1.7761603975090163,0.9020100502512562,16,eval_F1_sum
0.8789625360230547,0.8589473684210527,0.9201787994891443,0.7963446475195822,0.85,0.9449180327868852,0.8789625360230547,0.8589473684210527,0.9201787994891443,0.8356164383561643,0.8544502617801049,0.9323843416370107,0.8637542267688225,0.8860295679777505,0.9020100502512562,0.87415034725776,1.7761603975090163,0.9020100502512562,16,eval_accuracy
0.8645533141210374,0.84,0.9265644955300127,0.7978723404255319,0.8655097613882863,0.935525467440361,0.8645533141210374,0.84,0.9265644955300127,0.8298755186721992,0.8525641025641025,0.931023419955085,0.8663025230847264,0.8770392698836833,0.9003350083752094,0.8711543470637956,1.771489355439005,0.9003350083752094,29,last_epoch
