test_accuracy_0,test_accuracy_1,test_accuracy_2,test_precision_0,test_precision_1,test_precision_2,test_recall_0,test_recall_1,test_recall_2,test_F1_0,test_F1_1,test_F1_2,test_precision_macro,test_recall_macro,test_F1_micro,test_F1_macro,test_F1_sum,test_accuracy,saved_epoch,saved_best_matix
0.9452449567723343,0.8933717579250721,0.8184438040345822,0.8840970350404312,0.8985507246376812,0.8738461538461538,0.9452449567723343,0.8933717579250721,0.8184438040345822,0.9136490250696379,0.8959537572254335,0.8452380952380952,0.8854979711747554,0.8856868395773295,0.8856868395773295,0.8849469591777223,1.7706337987550518,0.8856868395773295,2,eval_loss
0.9452449567723343,0.9221902017291066,0.8386167146974063,0.8840970350404312,0.9142857142857143,0.909375,0.9452449567723343,0.9221902017291066,0.8386167146974063,0.9136490250696379,0.9182209469153514,0.8725637181409294,0.9025859164420486,0.9020172910662824,0.9020172910662824,0.9014778967086395,1.803495187774922,0.9020172910662824,26,eval_F1_micro
0.9452449567723343,0.9221902017291066,0.8386167146974063,0.8840970350404312,0.9142857142857143,0.909375,0.9452449567723343,0.9221902017291066,0.8386167146974063,0.9136490250696379,0.9182209469153514,0.8725637181409294,0.9025859164420486,0.9020172910662824,0.9020172910662824,0.9014778967086395,1.803495187774922,0.9020172910662824,26,eval_F1_macro
0.9452449567723343,0.9221902017291066,0.8386167146974063,0.8840970350404312,0.9142857142857143,0.909375,0.9452449567723343,0.9221902017291066,0.8386167146974063,0.9136490250696379,0.9182209469153514,0.8725637181409294,0.9025859164420486,0.9020172910662824,0.9020172910662824,0.9014778967086395,1.803495187774922,0.9020172910662824,26,eval_F1_sum
0.9452449567723343,0.9221902017291066,0.8386167146974063,0.8840970350404312,0.9142857142857143,0.909375,0.9452449567723343,0.9221902017291066,0.8386167146974063,0.9136490250696379,0.9182209469153514,0.8725637181409294,0.9025859164420486,0.9020172910662824,0.9020172910662824,0.9014778967086395,1.803495187774922,0.9020172910662824,26,eval_accuracy
0.9423631123919308,0.9250720461095101,0.8357348703170029,0.8934426229508197,0.8966480446927374,0.9148264984227129,0.9423631123919308,0.9250720461095101,0.8357348703170029,0.9172510518934083,0.9106382978723405,0.8734939759036144,0.9016390553554233,0.9010566762728146,0.9010566762728146,0.9004611085564544,1.8015177848292692,0.9010566762728146,29,last_epoch
