test_accuracy_0,test_accuracy_1,test_accuracy_2,test_precision_0,test_precision_1,test_precision_2,test_recall_0,test_recall_1,test_recall_2,test_F1_0,test_F1_1,test_F1_2,test_precision_macro,test_recall_macro,test_F1_micro,test_F1_macro,test_F1_sum,test_accuracy,saved_epoch,saved_best_matix
0.792507204610951,0.9010526315789473,0.8933588761174968,0.8384146341463414,0.7456445993031359,0.9414535666218035,0.792507204610951,0.9010526315789473,0.8933588761174968,0.8148148148148148,0.8160152526215443,0.9167758846657929,0.8418376000237603,0.8623062374357984,0.8802345058626466,0.8492019840340507,1.7294364898966972,0.8802345058626466,1,eval_loss
0.8270893371757925,0.8505263157894737,0.9272030651340997,0.8367346938775511,0.8295687885010267,0.9319640564826701,0.8270893371757925,0.8505263157894737,0.9272030651340997,0.8318840579710145,0.8399168399168399,0.9295774647887325,0.866089179620416,0.8682729060331219,0.8974036850921274,0.8671261208921957,1.764529805984323,0.8974036850921273,27,eval_F1_micro
0.8270893371757925,0.8505263157894737,0.9272030651340997,0.8367346938775511,0.8295687885010267,0.9319640564826701,0.8270893371757925,0.8505263157894737,0.9272030651340997,0.8318840579710145,0.8399168399168399,0.9295774647887325,0.866089179620416,0.8682729060331219,0.8974036850921274,0.8671261208921957,1.764529805984323,0.8974036850921273,27,eval_F1_macro
0.8270893371757925,0.8505263157894737,0.9272030651340997,0.8367346938775511,0.8295687885010267,0.9319640564826701,0.8270893371757925,0.8505263157894737,0.9272030651340997,0.8318840579710145,0.8399168399168399,0.9295774647887325,0.866089179620416,0.8682729060331219,0.8974036850921274,0.8671261208921957,1.764529805984323,0.8974036850921273,27,eval_F1_sum
0.8270893371757925,0.8505263157894737,0.9272030651340997,0.8367346938775511,0.8295687885010267,0.9319640564826701,0.8270893371757925,0.8505263157894737,0.9272030651340997,0.8318840579710145,0.8399168399168399,0.9295774647887325,0.866089179620416,0.8682729060331219,0.8974036850921274,0.8671261208921957,1.764529805984323,0.8974036850921273,27,eval_accuracy
0.8270893371757925,0.8568421052631578,0.9169859514687101,0.8176638176638177,0.8107569721115537,0.9355048859934854,0.8270893371757925,0.8568421052631578,0.9169859514687101,0.822349570200573,0.8331627430910952,0.9261528539180909,0.8546418919229524,0.8669724646358867,0.8919597989949749,0.8605550557365863,1.7525148547315612,0.8919597989949749,29,last_epoch
