test_accuracy_0,test_accuracy_1,test_accuracy_2,test_precision_0,test_precision_1,test_precision_2,test_recall_0,test_recall_1,test_recall_2,test_F1_0,test_F1_1,test_F1_2,test_precision_macro,test_recall_macro,test_F1_micro,test_F1_macro,test_F1_sum,test_accuracy,saved_epoch,saved_best_matix
0.8357348703170029,0.7936842105263158,0.8786717752234994,0.6888361045130641,0.7805383022774327,0.9272237196765498,0.8357348703170029,0.7936842105263158,0.8786717752234994,0.7552083333333331,0.7870563674321502,0.9022950819672131,0.7988660421556822,0.836030285355606,0.8555276381909548,0.8148532609108988,1.6703808991018536,0.8555276381909548,1,eval_loss
0.7838616714697406,0.8042105263157895,0.9176245210727969,0.7771428571428571,0.8268398268398268,0.9118020304568528,0.7838616714697406,0.8042105263157895,0.9176245210727969,0.7804878048780488,0.815368196371398,0.9147040101845958,0.838594904813179,0.8352322396194424,0.8756281407035176,0.8368533371446808,1.7124814778481983,0.8756281407035176,25,eval_F1_micro
0.7838616714697406,0.8042105263157895,0.9176245210727969,0.7771428571428571,0.8268398268398268,0.9118020304568528,0.7838616714697406,0.8042105263157895,0.9176245210727969,0.7804878048780488,0.815368196371398,0.9147040101845958,0.838594904813179,0.8352322396194424,0.8756281407035176,0.8368533371446808,1.7124814778481983,0.8756281407035176,25,eval_F1_macro
0.7838616714697406,0.8042105263157895,0.9176245210727969,0.7771428571428571,0.8268398268398268,0.9118020304568528,0.7838616714697406,0.8042105263157895,0.9176245210727969,0.7804878048780488,0.815368196371398,0.9147040101845958,0.838594904813179,0.8352322396194424,0.8756281407035176,0.8368533371446808,1.7124814778481983,0.8756281407035176,25,eval_F1_sum
0.7838616714697406,0.8042105263157895,0.9176245210727969,0.7771428571428571,0.8268398268398268,0.9118020304568528,0.7838616714697406,0.8042105263157895,0.9176245210727969,0.7804878048780488,0.815368196371398,0.9147040101845958,0.838594904813179,0.8352322396194424,0.8756281407035176,0.8368533371446808,1.7124814778481983,0.8756281407035176,25,eval_accuracy
0.7694524495677233,0.7936842105263158,0.9201787994891443,0.7761627906976745,0.834070796460177,0.9051507537688442,0.7694524495677233,0.7936842105263158,0.9201787994891443,0.7727930535455861,0.8133764832793959,0.9126029132362254,0.8384614469755652,0.8277718198610611,0.8731155778894473,0.8329241500204025,1.7060397279098498,0.8731155778894473,29,last_epoch
