test_accuracy_0,test_accuracy_1,test_accuracy_2,test_precision_0,test_precision_1,test_precision_2,test_recall_0,test_recall_1,test_recall_2,test_F1_0,test_F1_1,test_F1_2,test_precision_macro,test_recall_macro,test_F1_micro,test_F1_macro,test_F1_sum,test_accuracy,saved_epoch,saved_best_matix
0.7694524495677233,0.7389473684210527,0.909323116219668,0.7275204359673024,0.8125,0.8961611076148521,0.7694524495677233,0.7389473684210527,0.909323116219668,0.7478991596638656,0.7739801543550165,0.9026941362916007,0.8120605145273849,0.8059076447361481,0.8551088777219429,0.8081911501034943,1.663300027825437,0.855108877721943,0,eval_loss
0.7867435158501441,0.7852631578947369,0.9278416347381865,0.773371104815864,0.8614318706697459,0.9069912609238452,0.7867435158501441,0.7852631578947369,0.9278416347381865,0.78,0.8215859030837004,0.9172979797979798,0.8472647454698183,0.8332827694943559,0.8789782244556114,0.83962796096056,1.7186061854161714,0.8789782244556114,19,eval_F1_micro
0.792507204610951,0.7747368421052632,0.9252873563218391,0.7575757575757576,0.8658823529411764,0.905625,0.792507204610951,0.7747368421052632,0.9252873563218391,0.7746478873239436,0.8177777777777778,0.9153506001263424,0.8430277035056447,0.8308438010126844,0.8760469011725294,0.8359254217426879,1.7119723229152173,0.8760469011725294,21,eval_F1_macro
0.792507204610951,0.7747368421052632,0.9252873563218391,0.7575757575757576,0.8658823529411764,0.905625,0.792507204610951,0.7747368421052632,0.9252873563218391,0.7746478873239436,0.8177777777777778,0.9153506001263424,0.8430277035056447,0.8308438010126844,0.8760469011725294,0.8359254217426879,1.7119723229152173,0.8760469011725294,21,eval_F1_sum
0.7867435158501441,0.7852631578947369,0.9278416347381865,0.773371104815864,0.8614318706697459,0.9069912609238452,0.7867435158501441,0.7852631578947369,0.9278416347381865,0.78,0.8215859030837004,0.9172979797979798,0.8472647454698183,0.8332827694943559,0.8789782244556114,0.83962796096056,1.7186061854161714,0.8789782244556114,19,eval_accuracy
0.8011527377521613,0.8063157894736842,0.913154533844189,0.7658402203856749,0.829004329004329,0.9149072296865003,0.8011527377521613,0.8063157894736842,0.913154533844189,0.7830985915492957,0.8175026680896478,0.91403004154682,0.8365839263588347,0.8402076870233448,0.8756281407035176,0.8382104337285878,1.7138385744321054,0.8756281407035176,28,last_epoch
