test_accuracy_0,test_accuracy_1,test_accuracy_2,test_precision_0,test_precision_1,test_precision_2,test_recall_0,test_recall_1,test_recall_2,test_F1_0,test_F1_1,test_F1_2,test_precision_macro,test_recall_macro,test_F1_micro,test_F1_macro,test_F1_sum,test_accuracy,saved_epoch
0.6743515850144092,0.7810526315789473,0.9150702426564495,0.7774086378737541,0.7777777777777778,0.8900621118012423,0.6743515850144092,0.7810526315789473,0.9150702426564495,0.7222222222222222,0.7794117647058824,0.9023929471032746,0.8150828424842581,0.7901581530832686,0.8534338358458962,0.8013423113437931,1.6547761471896894,0.8534338358458962,0
0.7694524495677233,0.8105263157894737,0.9144316730523627,0.7807017543859649,0.815677966101695,0.9097839898348158,0.7694524495677233,0.8105263157894737,0.9144316730523627,0.7750362844702466,0.8130939809926083,0.9121019108280254,0.8353879034408253,0.8314701461365198,0.8726968174204355,0.8334107254302934,1.7061075428507289,0.8726968174204355,19
0.7694524495677233,0.8105263157894737,0.9144316730523627,0.7807017543859649,0.815677966101695,0.9097839898348158,0.7694524495677233,0.8105263157894737,0.9144316730523627,0.7750362844702466,0.8130939809926083,0.9121019108280254,0.8353879034408253,0.8314701461365198,0.8726968174204355,0.8334107254302934,1.7061075428507289,0.8726968174204355,19
0.7694524495677233,0.8105263157894737,0.9144316730523627,0.7807017543859649,0.815677966101695,0.9097839898348158,0.7694524495677233,0.8105263157894737,0.9144316730523627,0.7750362844702466,0.8130939809926083,0.9121019108280254,0.8353879034408253,0.8314701461365198,0.8726968174204355,0.8334107254302934,1.7061075428507289,0.8726968174204355,19
0.7694524495677233,0.8105263157894737,0.9144316730523627,0.7807017543859649,0.815677966101695,0.9097839898348158,0.7694524495677233,0.8105263157894737,0.9144316730523627,0.7750362844702466,0.8130939809926083,0.9121019108280254,0.8353879034408253,0.8314701461365198,0.8726968174204355,0.8334107254302934,1.7061075428507289,0.8726968174204355,19
0.8011527377521613,0.791578947368421,0.9195402298850575,0.7722222222222223,0.8392857142857143,0.9113924050632911,0.8011527377521613,0.791578947368421,0.9195402298850575,0.7864214992927865,0.8147345612134345,0.9154481881754608,0.8409667805237425,0.8374239716685467,0.8768844221105527,0.8388680828938938,1.7157525050044464,0.8768844221105527,28
