test_accuracy_0,test_accuracy_1,test_accuracy_2,test_precision_0,test_precision_1,test_precision_2,test_recall_0,test_recall_1,test_recall_2,test_F1_0,test_F1_1,test_F1_2,test_precision_macro,test_recall_macro,test_F1_micro,test_F1_macro,test_F1_sum,test_accuracy,saved_epoch,saved_best_matix
0.8126801152737753,0.8294736842105264,0.9118773946360154,0.7855153203342619,0.8242677824267782,0.9206963249516441,0.8126801152737753,0.8294736842105264,0.9118773946360154,0.7988668555240792,0.8268625393494229,0.9162656400384985,0.8434931425708947,0.851343731373439,0.88107202680067,0.8473316783040001,1.7284037051046701,0.88107202680067,0,eval_loss
0.8242074927953891,0.848421052631579,0.9355044699872286,0.8289855072463768,0.8741865509761388,0.9260429835651075,0.8242074927953891,0.848421052631579,0.9355044699872286,0.8265895953757225,0.8611111111111112,0.9307496823379925,0.8764050139292077,0.8693776718047322,0.9020100502512562,0.8728167962749421,1.7748268465261985,0.9020100502512562,29,eval_F1_micro
0.8242074927953891,0.848421052631579,0.9355044699872286,0.8289855072463768,0.8741865509761388,0.9260429835651075,0.8242074927953891,0.848421052631579,0.9355044699872286,0.8265895953757225,0.8611111111111112,0.9307496823379925,0.8764050139292077,0.8693776718047322,0.9020100502512562,0.8728167962749421,1.7748268465261985,0.9020100502512562,29,eval_F1_macro
0.8242074927953891,0.848421052631579,0.9355044699872286,0.8289855072463768,0.8741865509761388,0.9260429835651075,0.8242074927953891,0.848421052631579,0.9355044699872286,0.8265895953757225,0.8611111111111112,0.9307496823379925,0.8764050139292077,0.8693776718047322,0.9020100502512562,0.8728167962749421,1.7748268465261985,0.9020100502512562,29,eval_F1_sum
0.8242074927953891,0.848421052631579,0.9355044699872286,0.8289855072463768,0.8741865509761388,0.9260429835651075,0.8242074927953891,0.848421052631579,0.9355044699872286,0.8265895953757225,0.8611111111111112,0.9307496823379925,0.8764050139292077,0.8693776718047322,0.9020100502512562,0.8728167962749421,1.7748268465261985,0.9020100502512562,29,eval_accuracy
0.8242074927953891,0.848421052631579,0.9355044699872286,0.8289855072463768,0.8741865509761388,0.9260429835651075,0.8242074927953891,0.848421052631579,0.9355044699872286,0.8265895953757225,0.8611111111111112,0.9307496823379925,0.8764050139292077,0.8693776718047322,0.9020100502512562,0.8728167962749421,1.7748268465261985,0.9020100502512562,29,last_epoch
