test_accuracy_0,test_accuracy_1,test_accuracy_2,test_precision_0,test_precision_1,test_precision_2,test_recall_0,test_recall_1,test_recall_2,test_F1_0,test_F1_1,test_F1_2,test_precision_macro,test_recall_macro,test_F1_micro,test_F1_macro,test_F1_sum,test_accuracy,saved_epoch,saved_best_matix
0.8357348703170029,0.8126315789473684,0.8831417624521073,0.6888361045130641,0.7975206611570248,0.9325691166554282,0.8357348703170029,0.8126315789473684,0.8831417624521073,0.7552083333333331,0.8050052137643379,0.9071826828468351,0.8063086274418391,0.8438360705721596,0.8622278056951423,0.822465409981502,1.6846932156766443,0.8622278056951423,1,eval_loss
0.7867435158501441,0.8,0.9048531289910601,0.7438692098092643,0.8102345415778252,0.9130154639175257,0.7867435158501441,0.8,0.9048531289910601,0.7647058823529412,0.8050847457627118,0.9089159717767801,0.8223730717682051,0.8305322149470681,0.8668341708542713,0.8262355332974778,1.693069704151749,0.8668341708542714,21,eval_F1_micro
0.8069164265129684,0.8315789473684211,0.8850574712643678,0.717948717948718,0.7806324110671937,0.9289544235924933,0.8069164265129684,0.8315789473684211,0.8850574712643678,0.7598371777476255,0.8053007135575944,0.9064748201438848,0.809178517536135,0.8411842817152525,0.8630653266331658,0.8238709038163682,1.686936230449534,0.8630653266331658,9,eval_F1_macro
0.7867435158501441,0.8,0.9048531289910601,0.7438692098092643,0.8102345415778252,0.9130154639175257,0.7867435158501441,0.8,0.9048531289910601,0.7647058823529412,0.8050847457627118,0.9089159717767801,0.8223730717682051,0.8305322149470681,0.8668341708542713,0.8262355332974778,1.693069704151749,0.8668341708542714,21,eval_F1_sum
0.7867435158501441,0.8,0.9048531289910601,0.7438692098092643,0.8102345415778252,0.9130154639175257,0.7867435158501441,0.8,0.9048531289910601,0.7647058823529412,0.8050847457627118,0.9089159717767801,0.8223730717682051,0.8305322149470681,0.8668341708542713,0.8262355332974778,1.693069704151749,0.8668341708542714,21,eval_accuracy
0.7723342939481268,0.8042105263157895,0.9112388250319284,0.7592067988668555,0.8076109936575053,0.913572343149808,0.7723342939481268,0.8042105263157895,0.9112388250319284,0.7657142857142858,0.8059071729957806,0.9124040920716112,0.8267967118913896,0.8292612150986148,0.8697654941373534,0.8280085169272259,1.6977740110645794,0.8697654941373534,29,last_epoch
