test_accuracy_0,test_accuracy_1,test_accuracy_2,test_precision_0,test_precision_1,test_precision_2,test_recall_0,test_recall_1,test_recall_2,test_F1_0,test_F1_1,test_F1_2,test_precision_macro,test_recall_macro,test_F1_micro,test_F1_macro,test_F1_sum,test_accuracy,saved_epoch,saved_best_matix
0.9135446685878963,0.8357894736842105,0.8301404853128991,0.6604166666666667,0.7504725897920604,0.9427121102248006,0.9135446685878963,0.8357894736842105,0.8301404853128991,0.7666263603385731,0.7908366533864541,0.8828522920203735,0.7845337888945093,0.8598248758616686,0.8433835845896147,0.8134384352484668,1.6568220198380814,0.8433835845896147,0,eval_loss
0.9077809798270894,0.8757894736842106,0.8531289910600255,0.7159090909090909,0.7647058823529411,0.9515669515669516,0.9077809798270894,0.8757894736842106,0.8531289910600255,0.8005082592121983,0.81648675171737,0.8996632996632997,0.8107273082763279,0.8788998148571086,0.8655778894472361,0.8388861035309559,1.7044639929781922,0.8655778894472361,7,eval_F1_micro
0.9077809798270894,0.8757894736842106,0.8531289910600255,0.7159090909090909,0.7647058823529411,0.9515669515669516,0.9077809798270894,0.8757894736842106,0.8531289910600255,0.8005082592121983,0.81648675171737,0.8996632996632997,0.8107273082763279,0.8788998148571086,0.8655778894472361,0.8388861035309559,1.7044639929781922,0.8655778894472361,7,eval_F1_macro
0.9077809798270894,0.8757894736842106,0.8531289910600255,0.7159090909090909,0.7647058823529411,0.9515669515669516,0.9077809798270894,0.8757894736842106,0.8531289910600255,0.8005082592121983,0.81648675171737,0.8996632996632997,0.8107273082763279,0.8788998148571086,0.8655778894472361,0.8388861035309559,1.7044639929781922,0.8655778894472361,7,eval_F1_sum
0.9077809798270894,0.8757894736842106,0.8531289910600255,0.7159090909090909,0.7647058823529411,0.9515669515669516,0.9077809798270894,0.8757894736842106,0.8531289910600255,0.8005082592121983,0.81648675171737,0.8996632996632997,0.8107273082763279,0.8788998148571086,0.8655778894472361,0.8388861035309559,1.7044639929781922,0.8655778894472361,7,eval_accuracy
0.9510086455331412,0.9031578947368422,0.8090676883780332,0.6748466257668712,0.7210084033613445,0.9716257668711656,0.9510086455331412,0.9031578947368422,0.8090676883780332,0.7894736842105264,0.8018691588785046,0.8829268292682927,0.7891602653331272,0.8877447428826722,0.8484087102177554,0.8247565574524413,1.6731652676701967,0.8484087102177554,29,last_epoch
