test_accuracy_0,test_accuracy_1,test_accuracy_2,test_precision_0,test_precision_1,test_precision_2,test_recall_0,test_recall_1,test_recall_2,test_F1_0,test_F1_1,test_F1_2,test_precision_macro,test_recall_macro,test_F1_micro,test_F1_macro,test_F1_sum,test_accuracy,saved_epoch,saved_best_matix
0.8357348703170029,0.8357894736842105,0.9303959131545338,0.8238636363636364,0.8630434782608696,0.924492385786802,0.8357348703170029,0.8357894736842105,0.9303959131545338,0.8297567954220315,0.8491978609625669,0.9274347549331635,0.8704665001371027,0.867306752385249,0.897822445561139,0.8687964704392539,1.766618916000393,0.897822445561139,0,eval_loss
0.8818443804034583,0.8568421052631578,0.929757343550447,0.8181818181818182,0.8641188959660298,0.9436163318211277,0.8818443804034583,0.8568421052631578,0.929757343550447,0.8488210818307905,0.8604651162790697,0.9366355741395948,0.8753056819896585,0.8894812764056877,0.9082914572864321,0.8819739240831517,1.7902653813695837,0.9082914572864321,26,eval_F1_micro
0.8818443804034583,0.8568421052631578,0.929757343550447,0.8181818181818182,0.8641188959660298,0.9436163318211277,0.8818443804034583,0.8568421052631578,0.929757343550447,0.8488210818307905,0.8604651162790697,0.9366355741395948,0.8753056819896585,0.8894812764056877,0.9082914572864321,0.8819739240831517,1.7902653813695837,0.9082914572864321,26,eval_F1_macro
0.8818443804034583,0.8568421052631578,0.929757343550447,0.8181818181818182,0.8641188959660298,0.9436163318211277,0.8818443804034583,0.8568421052631578,0.929757343550447,0.8488210818307905,0.8604651162790697,0.9366355741395948,0.8753056819896585,0.8894812764056877,0.9082914572864321,0.8819739240831517,1.7902653813695837,0.9082914572864321,26,eval_F1_sum
0.8818443804034583,0.8568421052631578,0.929757343550447,0.8181818181818182,0.8641188959660298,0.9436163318211277,0.8818443804034583,0.8568421052631578,0.929757343550447,0.8488210818307905,0.8604651162790697,0.9366355741395948,0.8753056819896585,0.8894812764056877,0.9082914572864321,0.8819739240831517,1.7902653813695837,0.9082914572864321,26,eval_accuracy
0.8876080691642652,0.8631578947368421,0.9272030651340997,0.8213333333333334,0.8577405857740585,0.9459283387622149,0.8876080691642652,0.8631578947368421,0.9272030651340997,0.853185595567867,0.8604407135362016,0.9364721057723316,0.8750007526232023,0.8926563430117357,0.9087102177554439,0.8833661382921334,1.7920763560475774,0.9087102177554439,29,last_epoch
