test_accuracy_0,test_accuracy_1,test_accuracy_2,test_precision_0,test_precision_1,test_precision_2,test_recall_0,test_recall_1,test_recall_2,test_F1_0,test_F1_1,test_F1_2,test_precision_macro,test_recall_macro,test_F1_micro,test_F1_macro,test_F1_sum,test_accuracy,saved_epoch,saved_best_matix
0.8731988472622478,0.8505263157894737,0.9176245210727969,0.7973684210526316,0.83991683991684,0.9410609037328095,0.8731988472622478,0.8505263157894737,0.9176245210727969,0.8335625859697388,0.8451882845188284,0.9291949563530553,0.859448721567427,0.8804498947081728,0.897822445561139,0.8693152756138742,1.7671377211750132,0.897822445561139,2,eval_loss
0.8703170028818443,0.8673684210526316,0.9195402298850575,0.8031914893617021,0.8477366255144033,0.9436435124508519,0.8703170028818443,0.8673684210526316,0.9195402298850575,0.8354080221300139,0.8574401664932361,0.9314359637774902,0.8648572091089858,0.885741884606511,0.9020100502512562,0.8747613841335801,1.7767714343848362,0.9020100502512562,28,eval_F1_micro
0.8703170028818443,0.8673684210526316,0.9195402298850575,0.8031914893617021,0.8477366255144033,0.9436435124508519,0.8703170028818443,0.8673684210526316,0.9195402298850575,0.8354080221300139,0.8574401664932361,0.9314359637774902,0.8648572091089858,0.885741884606511,0.9020100502512562,0.8747613841335801,1.7767714343848362,0.9020100502512562,28,eval_F1_macro
0.8703170028818443,0.8673684210526316,0.9195402298850575,0.8031914893617021,0.8477366255144033,0.9436435124508519,0.8703170028818443,0.8673684210526316,0.9195402298850575,0.8354080221300139,0.8574401664932361,0.9314359637774902,0.8648572091089858,0.885741884606511,0.9020100502512562,0.8747613841335801,1.7767714343848362,0.9020100502512562,28,eval_F1_sum
0.8703170028818443,0.8673684210526316,0.9195402298850575,0.8031914893617021,0.8477366255144033,0.9436435124508519,0.8703170028818443,0.8673684210526316,0.9195402298850575,0.8354080221300139,0.8574401664932361,0.9314359637774902,0.8648572091089858,0.885741884606511,0.9020100502512562,0.8747613841335801,1.7767714343848362,0.9020100502512562,28,eval_accuracy
0.8760806916426513,0.8757894736842106,0.9163473818646233,0.7979002624671916,0.8438133874239351,0.9478203434610304,0.8760806916426513,0.8757894736842106,0.9163473818646233,0.8351648351648351,0.8595041322314049,0.9318181818181818,0.8631779977840525,0.8894058490638285,0.902428810720268,0.8754957164048073,1.7779245271250752,0.902428810720268,29,last_epoch
