test_accuracy_0,test_accuracy_1,test_accuracy_2,test_precision_0,test_precision_1,test_precision_2,test_recall_0,test_recall_1,test_recall_2,test_F1_0,test_F1_1,test_F1_2,test_precision_macro,test_recall_macro,test_F1_micro,test_F1_macro,test_F1_sum,test_accuracy,saved_epoch,saved_best_matix
0.8674351585014409,0.8463157894736842,0.9067688378033205,0.7818181818181819,0.8187372708757638,0.9391534391534392,0.8674351585014409,0.8463157894736842,0.9067688378033205,0.8224043715846995,0.8322981366459627,0.9226770630279403,0.8465696306157949,0.8735065952594819,0.8890284757118928,0.8591265237528676,1.7481549994647603,0.8890284757118928,1,eval_loss
0.7723342939481268,0.7747368421052632,0.9501915708812261,0.8145896656534954,0.908641975308642,0.8996372430471584,0.7723342939481268,0.7747368421052632,0.9501915708812261,0.7928994082840236,0.8363636363636363,0.9242236024844721,0.8742896280030985,0.8324209023115386,0.8894472361809045,0.8511622157107107,1.7406094518916153,0.8894472361809045,5,eval_F1_micro
0.8472622478386167,0.8357894736842105,0.9259259259259259,0.7945945945945946,0.8556034482758621,0.9330759330759331,0.8472622478386167,0.8357894736842105,0.9259259259259259,0.8200836820083681,0.845580404685836,0.9294871794871794,0.8610913253154632,0.869659215816251,0.8965661641541038,0.8650504220604612,1.761616586214565,0.8965661641541038,14,eval_F1_macro
0.8472622478386167,0.8357894736842105,0.9259259259259259,0.7945945945945946,0.8556034482758621,0.9330759330759331,0.8472622478386167,0.8357894736842105,0.9259259259259259,0.8200836820083681,0.845580404685836,0.9294871794871794,0.8610913253154632,0.869659215816251,0.8965661641541038,0.8650504220604612,1.761616586214565,0.8965661641541038,14,eval_F1_sum
0.7723342939481268,0.7747368421052632,0.9501915708812261,0.8145896656534954,0.908641975308642,0.8996372430471584,0.7723342939481268,0.7747368421052632,0.9501915708812261,0.7928994082840236,0.8363636363636363,0.9242236024844721,0.8742896280030985,0.8324209023115386,0.8894472361809045,0.8511622157107107,1.7406094518916153,0.8894472361809045,5,eval_accuracy
0.8069164265129684,0.8336842105263158,0.9252873563218391,0.8022922636103151,0.8443496801705757,0.9229299363057325,0.8069164265129684,0.8336842105263158,0.9252873563218391,0.8045977011494252,0.8389830508474576,0.9241071428571429,0.8565239600288744,0.855295997787041,0.8898659966499163,0.8558959649513419,1.745761961601258,0.8898659966499163,29,last_epoch
