test_accuracy_0,test_accuracy_1,test_accuracy_2,test_precision_0,test_precision_1,test_precision_2,test_recall_0,test_recall_1,test_recall_2,test_F1_0,test_F1_1,test_F1_2,test_precision_macro,test_recall_macro,test_F1_micro,test_F1_macro,test_F1_sum,test_accuracy,saved_epoch,saved_best_matix
0.8731988472622478,0.8694736842105263,0.8825031928480205,0.7769230769230769,0.7777777777777778,0.9420586230402181,0.8731988472622478,0.8694736842105263,0.8825031928480205,0.8222523744911805,0.8210735586481113,0.9113089350478074,0.8322531592470243,0.8750585747735982,0.8785594639865997,0.8515449560623664,1.7301044200489661,0.8785594639865997,1,eval_loss
0.861671469740634,0.8652631578947368,0.9259259259259259,0.8236914600550964,0.845679012345679,0.9421702404158544,0.861671469740634,0.8652631578947368,0.9259259259259259,0.8422535211267607,0.8553590010405828,0.9339774557165861,0.8705135709388766,0.8842868511870989,0.9045226130653267,0.8771966592946431,1.7817192723599697,0.9045226130653267,10,eval_F1_micro
0.861671469740634,0.8652631578947368,0.9259259259259259,0.8236914600550964,0.845679012345679,0.9421702404158544,0.861671469740634,0.8652631578947368,0.9259259259259259,0.8422535211267607,0.8553590010405828,0.9339774557165861,0.8705135709388766,0.8842868511870989,0.9045226130653267,0.8771966592946431,1.7817192723599697,0.9045226130653267,10,eval_F1_macro
0.861671469740634,0.8652631578947368,0.9259259259259259,0.8236914600550964,0.845679012345679,0.9421702404158544,0.861671469740634,0.8652631578947368,0.9259259259259259,0.8422535211267607,0.8553590010405828,0.9339774557165861,0.8705135709388766,0.8842868511870989,0.9045226130653267,0.8771966592946431,1.7817192723599697,0.9045226130653267,10,eval_F1_sum
0.861671469740634,0.8652631578947368,0.9259259259259259,0.8236914600550964,0.845679012345679,0.9421702404158544,0.861671469740634,0.8652631578947368,0.9259259259259259,0.8422535211267607,0.8553590010405828,0.9339774557165861,0.8705135709388766,0.8842868511870989,0.9045226130653267,0.8771966592946431,1.7817192723599697,0.9045226130653267,10,eval_accuracy
0.861671469740634,0.8694736842105263,0.9227330779054917,0.8169398907103825,0.8586278586278586,0.9377027903958468,0.861671469740634,0.8694736842105263,0.9227330779054917,0.8387096774193548,0.8640167364016735,0.9301577084003861,0.8710901799113627,0.8846260772855508,0.9032663316582915,0.8776280407404715,1.780894372398763,0.9032663316582915,29,last_epoch
