test_accuracy_0,test_accuracy_1,test_accuracy_2,test_precision_0,test_precision_1,test_precision_2,test_recall_0,test_recall_1,test_recall_2,test_F1_0,test_F1_1,test_F1_2,test_precision_macro,test_recall_macro,test_F1_micro,test_F1_macro,test_F1_sum,test_accuracy,saved_epoch,saved_best_matix
0.8818443804034583,0.8357894736842105,0.9163473818646233,0.7906976744186046,0.8593073593073594,0.9324236517218973,0.8818443804034583,0.8357894736842105,0.9163473818646233,0.8337874659400545,0.847385272145144,0.9243156199677939,0.8608095618159538,0.8779937453174306,0.8953098827470687,0.8684961193509975,1.7638060020980662,0.8953098827470687,1,eval_loss
0.8184438040345822,0.8505263157894737,0.9367816091954023,0.8477611940298507,0.8706896551724138,0.9232221522970422,0.8184438040345822,0.8505263157894737,0.9367816091954023,0.8328445747800586,0.8604898828541001,0.9299524564183835,0.8805576671664356,0.8685839096731528,0.902428810720268,0.8744289713508474,1.7768577820711156,0.902428810720268,15,eval_F1_micro
0.8184438040345822,0.8505263157894737,0.9367816091954023,0.8477611940298507,0.8706896551724138,0.9232221522970422,0.8184438040345822,0.8505263157894737,0.9367816091954023,0.8328445747800586,0.8604898828541001,0.9299524564183835,0.8805576671664356,0.8685839096731528,0.902428810720268,0.8744289713508474,1.7768577820711156,0.902428810720268,15,eval_F1_macro
0.8184438040345822,0.8505263157894737,0.9367816091954023,0.8477611940298507,0.8706896551724138,0.9232221522970422,0.8184438040345822,0.8505263157894737,0.9367816091954023,0.8328445747800586,0.8604898828541001,0.9299524564183835,0.8805576671664356,0.8685839096731528,0.902428810720268,0.8744289713508474,1.7768577820711156,0.902428810720268,15,eval_F1_sum
0.8184438040345822,0.8505263157894737,0.9367816091954023,0.8477611940298507,0.8706896551724138,0.9232221522970422,0.8184438040345822,0.8505263157894737,0.9367816091954023,0.8328445747800586,0.8604898828541001,0.9299524564183835,0.8805576671664356,0.8685839096731528,0.902428810720268,0.8744289713508474,1.7768577820711156,0.902428810720268,15,eval_accuracy
0.8645533141210374,0.8589473684210527,0.9252873563218391,0.8287292817679558,0.8517745302713987,0.9366515837104072,0.8645533141210374,0.8589473684210527,0.9252873563218391,0.8462623413258109,0.8553459119496856,0.9309347895920335,0.8723851319165873,0.8829293462879764,0.9032663316582915,0.87751434762251,1.7807806792808014,0.9032663316582915,29,last_epoch
