test_accuracy_0,test_accuracy_1,test_accuracy_2,test_precision_0,test_precision_1,test_precision_2,test_recall_0,test_recall_1,test_recall_2,test_F1_0,test_F1_1,test_F1_2,test_precision_macro,test_recall_macro,test_F1_micro,test_F1_macro,test_F1_sum,test_accuracy,saved_epoch,saved_best_matix
0.8357348703170029,0.8736842105263158,0.9278416347381865,0.847953216374269,0.8383838383838383,0.9368149580915538,0.8357348703170029,0.8736842105263158,0.9278416347381865,0.8417997097242379,0.8556701030927836,0.932306705165223,0.8743840042832204,0.879086905193835,0.9036850921273032,0.8765921726607481,1.7802772647880514,0.9036850921273032,20,eval_loss
0.8501440922190202,0.8526315789473684,0.9284802043422733,0.8126721763085399,0.8653846153846154,0.9338471419396275,0.8501440922190202,0.8526315789473684,0.9284802043422733,0.8309859154929579,0.8589607635206786,0.9311559398014729,0.8706346445442609,0.8770852918362206,0.9020100502512562,0.8737008729383698,1.7757109231896262,0.9020100502512562,29,eval_F1_micro
0.8472622478386167,0.8589473684210527,0.9240102171136654,0.8099173553719008,0.8535564853556485,0.9353587588881707,0.8472622478386167,0.8589473684210527,0.9240102171136654,0.8281690140845069,0.8562434417628542,0.9296498554449083,0.86627753320524,0.8767399444577783,0.8999162479061976,0.8713541037640898,1.7712703516702875,0.8999162479061976,28,eval_F1_macro
0.8472622478386167,0.8589473684210527,0.9240102171136654,0.8099173553719008,0.8535564853556485,0.9353587588881707,0.8472622478386167,0.8589473684210527,0.9240102171136654,0.8281690140845069,0.8562434417628542,0.9296498554449083,0.86627753320524,0.8767399444577783,0.8999162479061976,0.8713541037640898,1.7712703516702875,0.8999162479061976,28,eval_F1_sum
0.8501440922190202,0.8526315789473684,0.9284802043422733,0.8126721763085399,0.8653846153846154,0.9338471419396275,0.8501440922190202,0.8526315789473684,0.9284802043422733,0.8309859154929579,0.8589607635206786,0.9311559398014729,0.8706346445442609,0.8770852918362206,0.9020100502512562,0.8737008729383698,1.7757109231896262,0.9020100502512562,29,eval_accuracy
0.8501440922190202,0.8526315789473684,0.9284802043422733,0.8126721763085399,0.8653846153846154,0.9338471419396275,0.8501440922190202,0.8526315789473684,0.9284802043422733,0.8309859154929579,0.8589607635206786,0.9311559398014729,0.8706346445442609,0.8770852918362206,0.9020100502512562,0.8737008729383698,1.7757109231896262,0.9020100502512562,29,last_epoch
