test_accuracy_0,test_accuracy_1,test_accuracy_2,test_precision_0,test_precision_1,test_precision_2,test_recall_0,test_recall_1,test_recall_2,test_F1_0,test_F1_1,test_F1_2,test_precision_macro,test_recall_macro,test_F1_micro,test_F1_macro,test_F1_sum,test_accuracy,saved_epoch,saved_best_matix
0.7723342939481268,0.8063157894736842,0.9112388250319284,0.7701149425287356,0.8166311300639659,0.9083386378103119,0.7723342939481268,0.8063157894736842,0.9112388250319284,0.7712230215827338,0.8114406779661018,0.9097864201466368,0.831694903467671,0.8299629694845798,0.8701842546063652,0.8308167065651574,1.7010009611715224,0.8701842546063652,2,eval_loss
0.7694524495677233,0.8168421052631579,0.9150702426564495,0.7922848664688428,0.8134171907756813,0.9104193138500636,0.7694524495677233,0.8168421052631579,0.9150702426564495,0.7807017543859648,0.815126050420168,0.9127388535031847,0.838707123698196,0.8337882658291104,0.8743718592964824,0.8361888861031058,1.7105607453995884,0.8743718592964824,22,eval_F1_micro
0.7694524495677233,0.8168421052631579,0.9150702426564495,0.7922848664688428,0.8134171907756813,0.9104193138500636,0.7694524495677233,0.8168421052631579,0.9150702426564495,0.7807017543859648,0.815126050420168,0.9127388535031847,0.838707123698196,0.8337882658291104,0.8743718592964824,0.8361888861031058,1.7105607453995884,0.8743718592964824,22,eval_F1_macro
0.7694524495677233,0.8168421052631579,0.9150702426564495,0.7922848664688428,0.8134171907756813,0.9104193138500636,0.7694524495677233,0.8168421052631579,0.9150702426564495,0.7807017543859648,0.815126050420168,0.9127388535031847,0.838707123698196,0.8337882658291104,0.8743718592964824,0.8361888861031058,1.7105607453995884,0.8743718592964824,22,eval_F1_sum
0.7694524495677233,0.8168421052631579,0.9150702426564495,0.7922848664688428,0.8134171907756813,0.9104193138500636,0.7694524495677233,0.8168421052631579,0.9150702426564495,0.7807017543859648,0.815126050420168,0.9127388535031847,0.838707123698196,0.8337882658291104,0.8743718592964824,0.8361888861031058,1.7105607453995884,0.8743718592964824,22,eval_accuracy
0.7579250720461095,0.8084210526315789,0.9252873563218391,0.8092307692307692,0.8311688311688312,0.9050593379138039,0.7579250720461095,0.8084210526315789,0.9252873563218391,0.7827380952380952,0.8196371398078975,0.9150615724660562,0.8484863127711347,0.8305444936665092,0.8777219430485762,0.8391456025040164,1.7168675455525926,0.8777219430485762,29,last_epoch
