test_accuracy_0,test_accuracy_1,test_accuracy_2,test_precision_0,test_precision_1,test_precision_2,test_recall_0,test_recall_1,test_recall_2,test_F1_0,test_F1_1,test_F1_2,test_precision_macro,test_recall_macro,test_F1_micro,test_F1_macro,test_F1_sum,test_accuracy,saved_epoch,saved_best_matix
0.9169859514687101,0.728421052631579,0.7780979827089337,0.8930348258706468,0.871536523929471,0.7049608355091384,0.9169859514687101,0.728421052631579,0.7780979827089337,0.9048519218651544,0.7935779816513762,0.7397260273972602,0.8231773951030853,0.8078349956030743,0.8592964824120604,0.8127186436379302,1.6720151260499905,0.8592964824120602,0,eval_loss
0.8920817369093231,0.8105263157894737,0.7982708933717579,0.9196840026333114,0.7793522267206477,0.7386666666666667,0.8920817369093231,0.8105263157894737,0.7982708933717579,0.9056726094003242,0.7946336429308566,0.7673130193905817,0.8125676320068753,0.8336263153568515,0.8622278056951423,0.8225397572405875,1.68476756293573,0.8622278056951423,21,eval_F1_micro
0.8920817369093231,0.8105263157894737,0.7982708933717579,0.9196840026333114,0.7793522267206477,0.7386666666666667,0.8920817369093231,0.8105263157894737,0.7982708933717579,0.9056726094003242,0.7946336429308566,0.7673130193905817,0.8125676320068753,0.8336263153568515,0.8622278056951423,0.8225397572405875,1.68476756293573,0.8622278056951423,21,eval_F1_macro
0.8920817369093231,0.8105263157894737,0.7982708933717579,0.9196840026333114,0.7793522267206477,0.7386666666666667,0.8920817369093231,0.8105263157894737,0.7982708933717579,0.9056726094003242,0.7946336429308566,0.7673130193905817,0.8125676320068753,0.8336263153568515,0.8622278056951423,0.8225397572405875,1.68476756293573,0.8622278056951423,21,eval_F1_sum
0.8920817369093231,0.8105263157894737,0.7982708933717579,0.9196840026333114,0.7793522267206477,0.7386666666666667,0.8920817369093231,0.8105263157894737,0.7982708933717579,0.9056726094003242,0.7946336429308566,0.7673130193905817,0.8125676320068753,0.8336263153568515,0.8622278056951423,0.8225397572405875,1.68476756293573,0.8622278056951423,21,eval_accuracy
0.909323116219668,0.791578947368421,0.8040345821325648,0.9151670951156813,0.8156182212581344,0.7520215633423181,0.909323116219668,0.791578947368421,0.8040345821325648,0.912235746316464,0.8034188034188033,0.7771587743732591,0.8276022932387113,0.8349788819068847,0.8706030150753769,0.8309377747028422,1.701540789778219,0.8706030150753769,29,last_epoch
