test_accuracy_0,test_accuracy_1,test_accuracy_2,test_precision_0,test_precision_1,test_precision_2,test_recall_0,test_recall_1,test_recall_2,test_F1_0,test_F1_1,test_F1_2,test_precision_macro,test_recall_macro,test_F1_micro,test_F1_macro,test_F1_sum,test_accuracy,saved_epoch,saved_best_matix
0.776500638569604,0.8282247765006385,0.9112388250319284,0.8026402640264027,0.7734048896839595,0.9475431606905711,0.776500638569604,0.8282247765006385,0.9112388250319284,0.789354105809802,0.7998766574159728,0.9290364583333333,0.841196104800311,0.8386547467007236,0.8386547467007237,0.8394224071863693,1.6780771538870929,0.8386547467007237,1,eval_loss
0.8001277139208174,0.7758620689655172,0.934227330779055,0.7860727728983689,0.7967213114754098,0.9265357821405953,0.8001277139208174,0.7758620689655172,0.934227330779055,0.7930379746835443,0.7861533484309284,0.9303656597774246,0.8364432888381247,0.8367390378884633,0.8367390378884632,0.8365189942972991,1.6732580321857622,0.8367390378884632,28,eval_F1_micro
0.7982120051085568,0.7758620689655172,0.934227330779055,0.7886435331230284,0.7946370176586004,0.9236111111111112,0.7982120051085568,0.7758620689655172,0.934227330779055,0.7933989209774676,0.7851373182552505,0.928888888888889,0.8356305539642467,0.8361004682843763,0.8361004682843763,0.8358083760405357,1.671908844324912,0.8361004682843763,27,eval_F1_macro
0.7982120051085568,0.7758620689655172,0.934227330779055,0.7886435331230284,0.7946370176586004,0.9236111111111112,0.7982120051085568,0.7758620689655172,0.934227330779055,0.7933989209774676,0.7851373182552505,0.928888888888889,0.8356305539642467,0.8361004682843763,0.8361004682843763,0.8358083760405357,1.671908844324912,0.8361004682843763,27,eval_F1_sum
0.8001277139208174,0.7758620689655172,0.934227330779055,0.7860727728983689,0.7967213114754098,0.9265357821405953,0.8001277139208174,0.7758620689655172,0.934227330779055,0.7930379746835443,0.7861533484309284,0.9303656597774246,0.8364432888381247,0.8367390378884633,0.8367390378884632,0.8365189942972991,1.6732580321857622,0.8367390378884632,28,eval_accuracy
0.7758620689655172,0.7969348659003831,0.9316730523627076,0.797244094488189,0.78,0.9269377382465057,0.7758620689655172,0.7969348659003831,0.9316730523627076,0.7864077669902912,0.788376500315856,0.9292993630573249,0.8347272775782316,0.8348233290762027,0.8348233290762025,0.8346945434544907,1.6695178725306932,0.8348233290762026,29,last_epoch
